{
    "score": 16.482422018051146,
    "achievements_score": 57.035628617982965,
    "achievements_collect_coal": 0.91015625,
    "achievements_collect_diamond": 0.008984375,
    "achievements_collect_drink": 0.9369140625,
    "achievements_collect_iron": 0.6642578125,
    "achievements_collect_sapling": 0.992578125,
    "achievements_collect_stone": 0.9796875,
    "achievements_collect_wood": 0.9986328125,
    "achievements_defeat_skeleton": 0.7666015625,
    "achievements_defeat_zombie": 0.9134765625,
    "achievements_eat_cow": 0.892578125,
    "achievements_eat_plant": 0.0005859375,
    "achievements_make_iron_pickaxe": 0.3158203125,
    "achievements_make_iron_sword": 0.3240234375,
    "achievements_make_stone_pickaxe": 0.9365234375,
    "achievements_make_stone_sword": 0.8931640625,
    "achievements_make_wood_pickaxe": 0.9921875,
    "achievements_make_wood_sword": 0.984765625,
    "achievements_place_furnace": 0.9556640625,
    "achievements_place_plant": 0.9916015625,
    "achievements_place_stone": 0.9724609375,
    "achievements_place_table": 0.99609375,
    "achievements_wake_up": 0.923046875
}